Workbook

Sheet Scoring_Constants
A1: Constant | B1: Value | C1: Notes
A2: --- Group Stage ---
A3: GS_Winner_Pts | B3: 3 | C3: Correct winner pick
A4: GS_Draw_Pts | B4: 5 | C4: Correct draw pick
A5: --- Knockout Predictions (R32 onward) ---
A6: KO_Winner_Pts | B6: 5 | C6: Correct match winner
A7: KO_Scorer_Pts | B7: 3 | C7: Per correct goal scorer (max 2 per match)
A8: KO_Length_Pts | B8: 2 | C8: Correct match length: 90 / ET / Pens
A9: --- Drafted Teams (cumulative) ---
A10: Team_R16_Pts | B10: 10 | C10: Bonus when team reaches Round of 16
A11: Team_QF_Pts | B11: 20 | C11: Bonus when team reaches QF
A12: Team_SF_Pts | B12: 30 | C12: Bonus when team reaches SF
A13: Team_Final_Pts | B13: 40 | C13: Bonus when team reaches Final
A14: Team_Champion_Pts | B14: 50 | C14: Bonus when team wins the Cup
A15: --- Drafted Players (per occurrence) ---
A16: Player_Goal_Pts | B16: 5 | C16: Per goal
A17: Player_Assist_Pts | B17: 3 | C17: Per assist
A18: Player_MOTM_Pts | B18: 7 | C18: Per Man of the Match
A19: Player_CleanSheet_Pts | B19: 3 | C19: Per clean sheet (GK & CB only)
A20: Player_PenaltySave_Pts | B20: 10 | C20: Per penalty save (GK only)
A21: --- Futures (locked at draft) ---
A22: Futures_Champion_Pts | B22: 100 | C22: Correct champion
A23: Futures_Finalist_Pts | B23: 50 | C23: Per correct finalist (2 picks)
A24: Futures_GoldenBoot_Pts | B24: 150 | C24: Correct Golden Boot winner
A25: Futures_POT_Pts | B25: 150 | C25: Correct Player of Tournament
A26: --- System ---
A27: Last_Updated | B27: 2026-06-10T00:00:00Z | C27: Commissioner edits before each CSV export

Sheet Managers
A1: Manager_ID | B1: Manager_Name | C1: Display_Name | D1: Active | E1: Notes | G1: Step | H1: Commissioner Workflow
A2: M001 | B2: Manager 1 | C2: Manager 1 | D2: TRUE | G2: 1 | H2: Enter managers (this sheet).
A3: M002 | B3: Manager 2 | C3: Manager 2 | D3: TRUE | G3: 2 | H3: Enter group-stage fixtures in Matches_1 and record results.
A4: M003 | B4: Manager 3 | C4: Manager 3 | D4: TRUE | G4: 3 | H4: Enter each manager's group-stage picks in Predictions_1.
A5: M004 | B5: Manager 4 | C5: Manager 4 | D5: TRUE | G5: 4 | H5: After group stage, enter knockout fixtures and managers' picks in Matches_2 / Predictions_2.
A6: M005 | B6: Manager 5 | C6: Manager 5 | D6: TRUE | G6: 5 | H6: Enter drafted teams/players in Draft_Board; enter futures picks in Futures.
A7: M006 | B7: Manager 6 | C7: Manager 6 | D7: TRUE | G7: 6 | H7: Update Scoring_Constants!B<Last_Updated_row>, then export Landing_CSV for the website.

Sheet Matches_1
A1: Match_ID | B1: Date | C1: Group | D1: Team_A | E1: Team_B | F1: Result | H1: Result must equal Team_A name, Team_B name, or the literal text 'Draw'.
A2: G001 | C2: A | D2: Team A1 | E2: Team A2
A3: G002 | C3: A | D3: Team A3 | E3: Team A4
A4: G003 | C4: B | D4: Team B1 | E4: Team B2
A5: G004 | C5: B | D5: Team B3 | E5: Team B4

Sheet Predictions_1
A1: Manager_ID | B1: Manager_Name | C1: Match_ID | D1: Prediction | E1: Correct | F1: Points
A2: M001 | B2: =IFERROR(INDEX(Managers!$B:$B,MATCH(A2,Managers!$A:$A,0)),"") | C2: G001 | E2: =IF(D2="","",IF(IFERROR(INDEX(Matches_1!$F:$F,MATCH(C2,Matches_1!$A:$A,0)),"")="","",D2=IFERROR(INDEX(Matches_1!$F:$F,MATCH(C2,Matches_1!$A:$A,0)),""))) | F2: =IF(E2=TRUE,IF(D2="Draw",Scoring_Constants!$B$4,Scoring_Constants!$B$3),0)
A3: M001 | B3: =IFERROR(INDEX(Managers!$B:$B,MATCH(A3,Managers!$A:$A,0)),"") | C3: G002 | E3: =IF(D3="","",IF(IFERROR(INDEX(Matches_1!$F:$F,MATCH(C3,Matches_1!$A:$A,0)),"")="","",D3=IFERROR(INDEX(Matches_1!$F:$F,MATCH(C3,Matches_1!$A:$A,0)),""))) | F3: =IF(E3=TRUE,IF(D3="Draw",Scoring_Constants!$B$4,Scoring_Constants!$B$3),0)
A4: M001 | B4: =IFERROR(INDEX(Managers!$B:$B,MATCH(A4,Managers!$A:$A,0)),"") | C4: G003 | E4: =IF(D4="","",IF(IFERROR(INDEX(Matches_1!$F:$F,MATCH(C4,Matches_1!$A:$A,0)),"")="","",D4=IFERROR(INDEX(Matches_1!$F:$F,MATCH(C4,Matches_1!$A:$A,0)),""))) | F4: =IF(E4=TRUE,IF(D4="Draw",Scoring_Constants!$B$4,Scoring_Constants!$B$3),0)
A5: M001 | B5: =IFERROR(INDEX(Managers!$B:$B,MATCH(A5,Managers!$A:$A,0)),"") | C5: G004 | E5: =IF(D5="","",IF(IFERROR(INDEX(Matches_1!$F:$F,MATCH(C5,Matches_1!$A:$A,0)),"")="","",D5=IFERROR(INDEX(Matches_1!$F:$F,MATCH(C5,Matches_1!$A:$A,0)),""))) | F5: =IF(E5=TRUE,IF(D5="Draw",Scoring_Constants!$B$4,Scoring_Constants!$B$3),0)
A6: M002 | B6: =IFERROR(INDEX(Managers!$B:$B,MATCH(A6,Managers!$A:$A,0)),"") | C6: G001 | E6: =IF(D6="","",IF(IFERROR(INDEX(Matches_1!$F:$F,MATCH(C6,Matches_1!$A:$A,0)),"")="","",D6=IFERROR(INDEX(Matches_1!$F:$F,MATCH(C6,Matches_1!$A:$A,0)),""))) | F6: =IF(E6=TRUE,IF(D6="Draw",Scoring_Constants!$B$4,Scoring_Constants!$B$3),0)
A7: M002 | B7: =IFERROR(INDEX(Managers!$B:$B,MATCH(A7,Managers!$A:$A,0)),"") | C7: G002 | E7: =IF(D7="","",IF(IFERROR(INDEX(Matches_1!$F:$F,MATCH(C7,Matches_1!$A:$A,0)),"")="","",D7=IFERROR(INDEX(Matches_1!$F:$F,MATCH(C7,Matches_1!$A:$A,0)),""))) | F7: =IF(E7=TRUE,IF(D7="Draw",Scoring_Constants!$B$4,Scoring_Constants!$B$3),0)
A8: M002 | B8: =IFERROR(INDEX(Managers!$B:$B,MATCH(A8,Managers!$A:$A,0)),"") | C8: G003 | E8: =IF(D8="","",IF(IFERROR(INDEX(Matches_1!$F:$F,MATCH(C8,Matches_1!$A:$A,0)),"")="","",D8=IFERROR(INDEX(Matches_1!$F:$F,MATCH(C8,Matches_1!$A:$A,0)),""))) | F8: =IF(E8=TRUE,IF(D8="Draw",Scoring_Constants!$B$4,Scoring_Constants!$B$3),0)
A9: M002 | B9: =IFERROR(INDEX(Managers!$B:$B,MATCH(A9,Managers!$A:$A,0)),"") | C9: G004 | E9: =IF(D9="","",IF(IFERROR(INDEX(Matches_1!$F:$F,MATCH(C9,Matches_1!$A:$A,0)),"")="","",D9=IFERROR(INDEX(Matches_1!$F:$F,MATCH(C9,Matches_1!$A:$A,0)),""))) | F9: =IF(E9=TRUE,IF(D9="Draw",Scoring_Constants!$B$4,Scoring_Constants!$B$3),0)
A10: M003 | B10: =IFERROR(INDEX(Managers!$B:$B,MATCH(A10,Managers!$A:$A,0)),"") | C10: G001 | E10: =IF(D10="","",IF(IFERROR(INDEX(Matches_1!$F:$F,MATCH(C10,Matches_1!$A:$A,0)),"")="","",D10=IFERROR(INDEX(Matches_1!$F:$F,MATCH(C10,Matches_1!$A:$A,0)),""))) | F10: =IF(E10=TRUE,IF(D10="Draw",Scoring_Constants!$B$4,Scoring_Constants!$B$3),0)
A11: M003 | B11: =IFERROR(INDEX(Managers!$B:$B,MATCH(A11,Managers!$A:$A,0)),"") | C11: G002 | E11: =IF(D11="","",IF(IFERROR(INDEX(Matches_1!$F:$F,MATCH(C11,Matches_1!$A:$A,0)),"")="","",D11=IFERROR(INDEX(Matches_1!$F:$F,MATCH(C11,Matches_1!$A:$A,0)),""))) | F11: =IF(E11=TRUE,IF(D11="Draw",Scoring_Constants!$B$4,Scoring_Constants!$B$3),0)
A12: M003 | B12: =IFERROR(INDEX(Managers!$B:$B,MATCH(A12,Managers!$A:$A,0)),"") | C12: G003 | E12: =IF(D12="","",IF(IFERROR(INDEX(Matches_1!$F:$F,MATCH(C12,Matches_1!$A:$A,0)),"")="","",D12=IFERROR(INDEX(Matches_1!$F:$F,MATCH(C12,Matches_1!$A:$A,0)),""))) | F12: =IF(E12=TRUE,IF(D12="Draw",Scoring_Constants!$B$4,Scoring_Constants!$B$3),0)
A13: M003 | B13: =IFERROR(INDEX(Managers!$B:$B,MATCH(A13,Managers!$A:$A,0)),"") | C13: G004 | E13: =IF(D13="","",IF(IFERROR(INDEX(Matches_1!$F:$F,MATCH(C13,Matches_1!$A:$A,0)),"")="","",D13=IFERROR(INDEX(Matches_1!$F:$F,MATCH(C13,Matches_1!$A:$A,0)),""))) | F13: =IF(E13=TRUE,IF(D13="Draw",Scoring_Constants!$B$4,Scoring_Constants!$B$3),0)
... A25: M006 | B25: =IFERROR(INDEX(Managers!$B:$B,MATCH(A25,Managers!$A:$A,0)),"") | C25: G004 | E25: =IF(D25="","",IF(IFERROR(INDEX(Matches_1!$F:$F,MATCH(C25,Matches_1!$A:$A,0)),"")="","",D25=IFERROR(INDEX(Matches_1!$F:$F,MATCH(C25,Matches_1!$A:$A,0)),""))) | F25: =IF(E25=TRUE,IF(D25="Draw",Scoring_Constants!$B$4,Scoring_Constants!$B$3),0)

Sheet Leaderboard_1
A1: Rank | B1: Manager_ID | C1: Manager_Name | D1: Points | E1: Correct_Picks
A2: =IF(D2="","",RANK(D2,$D$2:$D$1000,0)) | B2: M001 | C2: Manager 1 | D2: =SUMIFS(Predictions_1!$F:$F,Predictions_1!$A:$A,B2) | E2: =COUNTIFS(Predictions_1!$A:$A,B2,Predictions_1!$E:$E,TRUE)
A3: =IF(D3="","",RANK(D3,$D$2:$D$1000,0)) | B3: M002 | C3: Manager 2 | D3: =SUMIFS(Predictions_1!$F:$F,Predictions_1!$A:$A,B3) | E3: =COUNTIFS(Predictions_1!$A:$A,B3,Predictions_1!$E:$E,TRUE)
A4: =IF(D4="","",RANK(D4,$D$2:$D$1000,0)) | B4: M003 | C4: Manager 3 | D4: =SUMIFS(Predictions_1!$F:$F,Predictions_1!$A:$A,B4) | E4: =COUNTIFS(Predictions_1!$A:$A,B4,Predictions_1!$E:$E,TRUE)
A5: =IF(D5="","",RANK(D5,$D$2:$D$1000,0)) | B5: M004 | C5: Manager 4 | D5: =SUMIFS(Predictions_1!$F:$F,Predictions_1!$A:$A,B5) | E5: =COUNTIFS(Predictions_1!$A:$A,B5,Predictions_1!$E:$E,TRUE)
A6: =IF(D6="","",RANK(D6,$D$2:$D$1000,0)) | B6: M005 | C6: Manager 5 | D6: =SUMIFS(Predictions_1!$F:$F,Predictions_1!$A:$A,B6) | E6: =COUNTIFS(Predictions_1!$A:$A,B6,Predictions_1!$E:$E,TRUE)
A7: =IF(D7="","",RANK(D7,$D$2:$D$1000,0)) | B7: M006 | C7: Manager 6 | D7: =SUMIFS(Predictions_1!$F:$F,Predictions_1!$A:$A,B7) | E7: =COUNTIFS(Predictions_1!$A:$A,B7,Predictions_1!$E:$E,TRUE)

Sheet DE_Teams
A1: Team_ID | B1: Team_Name | C1: Reached_R16 | D1: Reached_QF | E1: Reached_SF | F1: Reached_Final | G1: Champion | H1: Total_Team_Points | I1: Notes | K1: Flags are cumulative: a champion has all five flags TRUE.
A2: T001 | B2: Team 1 | C2: FALSE | D2: FALSE | E2: FALSE | F2: FALSE | G2: FALSE | H2: =IF(A2="","",N(C2)*Scoring_Constants!$B$10+N(D2)*Scoring_Constants!$B$11+N(E2)*Scoring_Constants!$B$12+N(F2)*Scoring_Constants!$B$13+N(G2)*Scoring_Constants!$B$14)
A3: T002 | B3: Team 2 | C3: FALSE | D3: FALSE | E3: FALSE | F3: FALSE | G3: FALSE | H3: =IF(A3="","",N(C3)*Scoring_Constants!$B$10+N(D3)*Scoring_Constants!$B$11+N(E3)*Scoring_Constants!$B$12+N(F3)*Scoring_Constants!$B$13+N(G3)*Scoring_Constants!$B$14)
A4: T003 | B4: Team 3 | C4: FALSE | D4: FALSE | E4: FALSE | F4: FALSE | G4: FALSE | H4: =IF(A4="","",N(C4)*Scoring_Constants!$B$10+N(D4)*Scoring_Constants!$B$11+N(E4)*Scoring_Constants!$B$12+N(F4)*Scoring_Constants!$B$13+N(G4)*Scoring_Constants!$B$14)
A5: T004 | B5: Team 4 | C5: FALSE | D5: FALSE | E5: FALSE | F5: FALSE | G5: FALSE | H5: =IF(A5="","",N(C5)*Scoring_Constants!$B$10+N(D5)*Scoring_Constants!$B$11+N(E5)*Scoring_Constants!$B$12+N(F5)*Scoring_Constants!$B$13+N(G5)*Scoring_Constants!$B$14)
H6: =IF(A6="","",N(C6)*Scoring_Constants!$B$10+N(D6)*Scoring_Constants!$B$11+N(E6)*Scoring_Constants!$B$12+N(F6)*Scoring_Constants!$B$13+N(G6)*Scoring_Constants!$B$14)
H7: =IF(A7="","",N(C7)*Scoring_Constants!$B$10+N(D7)*Scoring_Constants!$B$11+N(E7)*Scoring_Constants!$B$12+N(F7)*Scoring_Constants!$B$13+N(G7)*Scoring_Constants!$B$14)
H8: =IF(A8="","",N(C8)*Scoring_Constants!$B$10+N(D8)*Scoring_Constants!$B$11+N(E8)*Scoring_Constants!$B$12+N(F8)*Scoring_Constants!$B$13+N(G8)*Scoring_Constants!$B$14)
H9: =IF(A9="","",N(C9)*Scoring_Constants!$B$10+N(D9)*Scoring_Constants!$B$11+N(E9)*Scoring_Constants!$B$12+N(F9)*Scoring_Constants!$B$13+N(G9)*Scoring_Constants!$B$14)
H10: =IF(A10="","",N(C10)*Scoring_Constants!$B$10+N(D10)*Scoring_Constants!$B$11+N(E10)*Scoring_Constants!$B$12+N(F10)*Scoring_Constants!$B$13+N(G10)*Scoring_Constants!$B$14)
H11: =IF(A11="","",N(C11)*Scoring_Constants!$B$10+N(D11)*Scoring_Constants!$B$11+N(E11)*Scoring_Constants!$B$12+N(F11)*Scoring_Constants!$B$13+N(G11)*Scoring_Constants!$B$14)
H12: =IF(A12="","",N(C12)*Scoring_Constants!$B$10+N(D12)*Scoring_Constants!$B$11+N(E12)*Scoring_Constants!$B$12+N(F12)*Scoring_Constants!$B$13+N(G12)*Scoring_Constants!$B$14)
H13: =IF(A13="","",N(C13)*Scoring_Constants!$B$10+N(D13)*Scoring_Constants!$B$11+N(E13)*Scoring_Constants!$B$12+N(F13)*Scoring_Constants!$B$13+N(G13)*Scoring_Constants!$B$14)
H14: =IF(A14="","",N(C14)*Scoring_Constants!$B$10+N(D14)*Scoring_Constants!$B$11+N(E14)*Scoring_Constants!$B$12+N(F14)*Scoring_Constants!$B$13+N(G14)*Scoring_Constants!$B$14)
H15: =IF(A15="","",N(C15)*Scoring_Constants!$B$10+N(D15)*Scoring_Constants!$B$11+N(E15)*Scoring_Constants!$B$12+N(F15)*Scoring_Constants!$B$13+N(G15)*Scoring_Constants!$B$14)
H16: =IF(A16="","",N(C16)*Scoring_Constants!$B$10+N(D16)*Scoring_Constants!$B$11+N(E16)*Scoring_Constants!$B$12+N(F16)*Scoring_Constants!$B$13+N(G16)*Scoring_Constants!$B$14)
H17: =IF(A17="","",N(C17)*Scoring_Constants!$B$10+N(D17)*Scoring_Constants!$B$11+N(E17)*Scoring_Constants!$B$12+N(F17)*Scoring_Constants!$B$13+N(G17)*Scoring_Constants!$B$14)
... H60: =IF(A60="","",N(C60)*Scoring_Constants!$B$10+N(D60)*Scoring_Constants!$B$11+N(E60)*Scoring_Constants!$B$12+N(F60)*Scoring_Constants!$B$13+N(G60)*Scoring_Constants!$B$14)

Sheet DE_Players
A1: Player_ID | B1: Player_Name | C1: Team_Name | D1: Position | E1: Active | F1: Goals | G1: Assists | H1: MOTM | I1: Clean_Sheets | J1: Penalty_Saves | K1: Total_Player_Points | L1: Notes | N1: Position values: GK / DEF / CB / MID / FWD. Clean sheets only score for GK and CB; penalty saves only for GK.
A2: P001 | B2: Player 1 | C2: Team 1 | D2: FWD | E2: TRUE | F2: 0 | G2: 0 | H2: 0 | I2: 0 | J2: 0 | K2: =IF(A2="","",F2*Scoring_Constants!$B$16+G2*Scoring_Constants!$B$17+H2*Scoring_Constants!$B$18+IF(OR(D2="GK",D2="CB"),I2*Scoring_Constants!$B$19,0)+IF(D2="GK",J2*Scoring_Constants!$B$20,0))
A3: P002 | B3: Player 2 | C3: Team 2 | D3: MID | E3: TRUE | F3: 0 | G3: 0 | H3: 0 | I3: 0 | J3: 0 | K3: =IF(A3="","",F3*Scoring_Constants!$B$16+G3*Scoring_Constants!$B$17+H3*Scoring_Constants!$B$18+IF(OR(D3="GK",D3="CB"),I3*Scoring_Constants!$B$19,0)+IF(D3="GK",J3*Scoring_Constants!$B$20,0))
A4: P003 | B4: Player 3 | C4: Team 3 | D4: DEF | E4: TRUE | F4: 0 | G4: 0 | H4: 0 | I4: 0 | J4: 0 | K4: =IF(A4="","",F4*Scoring_Constants!$B$16+G4*Scoring_Constants!$B$17+H4*Scoring_Constants!$B$18+IF(OR(D4="GK",D4="CB"),I4*Scoring_Constants!$B$19,0)+IF(D4="GK",J4*Scoring_Constants!$B$20,0))
A5: P004 | B5: Player 4 | C5: Team 4 | D5: GK | E5: TRUE | F5: 0 | G5: 0 | H5: 0 | I5: 0 | J5: 0 | K5: =IF(A5="","",F5*Scoring_Constants!$B$16+G5*Scoring_Constants!$B$17+H5*Scoring_Constants!$B$18+IF(OR(D5="GK",D5="CB"),I5*Scoring_Constants!$B$19,0)+IF(D5="GK",J5*Scoring_Constants!$B$20,0))
K6: =IF(A6="","",F6*Scoring_Constants!$B$16+G6*Scoring_Constants!$B$17+H6*Scoring_Constants!$B$18+IF(OR(D6="GK",D6="CB"),I6*Scoring_Constants!$B$19,0)+IF(D6="GK",J6*Scoring_Constants!$B$20,0))
K7: =IF(A7="","",F7*Scoring_Constants!$B$16+G7*Scoring_Constants!$B$17+H7*Scoring_Constants!$B$18+IF(OR(D7="GK",D7="CB"),I7*Scoring_Constants!$B$19,0)+IF(D7="GK",J7*Scoring_Constants!$B$20,0))
K8: =IF(A8="","",F8*Scoring_Constants!$B$16+G8*Scoring_Constants!$B$17+H8*Scoring_Constants!$B$18+IF(OR(D8="GK",D8="CB"),I8*Scoring_Constants!$B$19,0)+IF(D8="GK",J8*Scoring_Constants!$B$20,0))
K9: =IF(A9="","",F9*Scoring_Constants!$B$16+G9*Scoring_Constants!$B$17+H9*Scoring_Constants!$B$18+IF(OR(D9="GK",D9="CB"),I9*Scoring_Constants!$B$19,0)+IF(D9="GK",J9*Scoring_Constants!$B$20,0))
K10: =IF(A10="","",F10*Scoring_Constants!$B$16+G10*Scoring_Constants!$B$17+H10*Scoring_Constants!$B$18+IF(OR(D10="GK",D10="CB"),I10*Scoring_Constants!$B$19,0)+IF(D10="GK",J10*Scoring_Constants!$B$20,0))
K11: =IF(A11="","",F11*Scoring_Constants!$B$16+G11*Scoring_Constants!$B$17+H11*Scoring_Constants!$B$18+IF(OR(D11="GK",D11="CB"),I11*Scoring_Constants!$B$19,0)+IF(D11="GK",J11*Scoring_Constants!$B$20,0))
K12: =IF(A12="","",F12*Scoring_Constants!$B$16+G12*Scoring_Constants!$B$17+H12*Scoring_Constants!$B$18+IF(OR(D12="GK",D12="CB"),I12*Scoring_Constants!$B$19,0)+IF(D12="GK",J12*Scoring_Constants!$B$20,0))
K13: =IF(A13="","",F13*Scoring_Constants!$B$16+G13*Scoring_Constants!$B$17+H13*Scoring_Constants!$B$18+IF(OR(D13="GK",D13="CB"),I13*Scoring_Constants!$B$19,0)+IF(D13="GK",J13*Scoring_Constants!$B$20,0))
K14: =IF(A14="","",F14*Scoring_Constants!$B$16+G14*Scoring_Constants!$B$17+H14*Scoring_Constants!$B$18+IF(OR(D14="GK",D14="CB"),I14*Scoring_Constants!$B$19,0)+IF(D14="GK",J14*Scoring_Constants!$B$20,0))
K15: =IF(A15="","",F15*Scoring_Constants!$B$16+G15*Scoring_Constants!$B$17+H15*Scoring_Constants!$B$18+IF(OR(D15="GK",D15="CB"),I15*Scoring_Constants!$B$19,0)+IF(D15="GK",J15*Scoring_Constants!$B$20,0))
K16: =IF(A16="","",F16*Scoring_Constants!$B$16+G16*Scoring_Constants!$B$17+H16*Scoring_Constants!$B$18+IF(OR(D16="GK",D16="CB"),I16*Scoring_Constants!$B$19,0)+IF(D16="GK",J16*Scoring_Constants!$B$20,0))
K17: =IF(A17="","",F17*Scoring_Constants!$B$16+G17*Scoring_Constants!$B$17+H17*Scoring_Constants!$B$18+IF(OR(D17="GK",D17="CB"),I17*Scoring_Constants!$B$19,0)+IF(D17="GK",J17*Scoring_Constants!$B$20,0))
... K200: =IF(A200="","",F200*Scoring_Constants!$B$16+G200*Scoring_Constants!$B$17+H200*Scoring_Constants!$B$18+IF(OR(D200="GK",D200="CB"),I200*Scoring_Constants!$B$19,0)+IF(D200="GK",J200*Scoring_Constants!$B$20,0))

Sheet Draft_Board
A1: Manager_ID | B1: Manager_Name | C1: Round | D1: Pick | E1: Asset_Type | F1: Asset_ID | G1: Asset_Name | H1: Team_Name | I1: Asset_Points | J1: Duplicate_Check | K1: Notes | M1: Round 1-4 = Teams, Round 5-8 = Players. Snake order: commissioner enters Manager_ID in column A per round. Duplicate_Check flags if same Asset_ID appears twice.
B2: =IFERROR(INDEX(Managers!$B:$B,MATCH(A2,Managers!$A:$A,0)),"") | C2: 1 | D2: 1 | E2: Team | G2: =IF($F2="","",IF($E2="Team",IFERROR(INDEX(DE_Teams!$B:$B,MATCH($F2,DE_Teams!$A:$A,0)),""),IFERROR(INDEX(DE_Players!$B:$B,MATCH($F2,DE_Players!$A:$A,0)),""))) | H2: =IF($F2="","",IF($E2="Player",IFERROR(INDEX(DE_Players!$C:$C,MATCH($F2,DE_Players!$A:$A,0)),""),"")) | I2: =IF($F2="","",IF($E2="Team",IFERROR(INDEX(DE_Teams!$H:$H,MATCH($F2,DE_Teams!$A:$A,0)),0),IFERROR(INDEX(DE_Players!$K:$K,MATCH($F2,DE_Players!$A:$A,0)),0))) | J2: =IF($F2="","",IF(COUNTIF($F$2:$F$200,$F2)>1,"DUPLICATE",""))
B3: =IFERROR(INDEX(Managers!$B:$B,MATCH(A3,Managers!$A:$A,0)),"") | C3: 1 | D3: 2 | E3: Team | G3: =IF($F3="","",IF($E3="Team",IFERROR(INDEX(DE_Teams!$B:$B,MATCH($F3,DE_Teams!$A:$A,0)),""),IFERROR(INDEX(DE_Players!$B:$B,MATCH($F3,DE_Players!$A:$A,0)),""))) | H3: =IF($F3="","",IF($E3="Player",IFERROR(INDEX(DE_Players!$C:$C,MATCH($F3,DE_Players!$A:$A,0)),""),"")) | I3: =IF($F3="","",IF($E3="Team",IFERROR(INDEX(DE_Teams!$H:$H,MATCH($F3,DE_Teams!$A:$A,0)),0),IFERROR(INDEX(DE_Players!$K:$K,MATCH($F3,DE_Players!$A:$A,0)),0))) | J3: =IF($F3="","",IF(COUNTIF($F$2:$F$200,$F3)>1,"DUPLICATE",""))
B4: =IFERROR(INDEX(Managers!$B:$B,MATCH(A4,Managers!$A:$A,0)),"") | C4: 1 | D4: 3 | E4: Team | G4: =IF($F4="","",IF($E4="Team",IFERROR(INDEX(DE_Teams!$B:$B,MATCH($F4,DE_Teams!$A:$A,0)),""),IFERROR(INDEX(DE_Players!$B:$B,MATCH($F4,DE_Players!$A:$A,0)),""))) | H4: =IF($F4="","",IF($E4="Player",IFERROR(INDEX(DE_Players!$C:$C,MATCH($F4,DE_Players!$A:$A,0)),""),"")) | I4: =IF($F4="","",IF($E4="Team",IFERROR(INDEX(DE_Teams!$H:$H,MATCH($F4,DE_Teams!$A:$A,0)),0),IFERROR(INDEX(DE_Players!$K:$K,MATCH($F4,DE_Players!$A:$A,0)),0))) | J4: =IF($F4="","",IF(COUNTIF($F$2:$F$200,$F4)>1,"DUPLICATE",""))
B5: =IFERROR(INDEX(Managers!$B:$B,MATCH(A5,Managers!$A:$A,0)),"") | C5: 1 | D5: 4 | E5: Team | G5: =IF($F5="","",IF($E5="Team",IFERROR(INDEX(DE_Teams!$B:$B,MATCH($F5,DE_Teams!$A:$A,0)),""),IFERROR(INDEX(DE_Players!$B:$B,MATCH($F5,DE_Players!$A:$A,0)),""))) | H5: =IF($F5="","",IF($E5="Player",IFERROR(INDEX(DE_Players!$C:$C,MATCH($F5,DE_Players!$A:$A,0)),""),"")) | I5: =IF($F5="","",IF($E5="Team",IFERROR(INDEX(DE_Teams!$H:$H,MATCH($F5,DE_Teams!$A:$A,0)),0),IFERROR(INDEX(DE_Players!$K:$K,MATCH($F5,DE_Players!$A:$A,0)),0))) | J5: =IF($F5="","",IF(COUNTIF($F$2:$F$200,$F5)>1,"DUPLICATE",""))
B6: =IFERROR(INDEX(Managers!$B:$B,MATCH(A6,Managers!$A:$A,0)),"") | C6: 1 | D6: 5 | E6: Team | G6: =IF($F6="","",IF($E6="Team",IFERROR(INDEX(DE_Teams!$B:$B,MATCH($F6,DE_Teams!$A:$A,0)),""),IFERROR(INDEX(DE_Players!$B:$B,MATCH($F6,DE_Players!$A:$A,0)),""))) | H6: =IF($F6="","",IF($E6="Player",IFERROR(INDEX(DE_Players!$C:$C,MATCH($F6,DE_Players!$A:$A,0)),""),"")) | I6: =IF($F6="","",IF($E6="Team",IFERROR(INDEX(DE_Teams!$H:$H,MATCH($F6,DE_Teams!$A:$A,0)),0),IFERROR(INDEX(DE_Players!$K:$K,MATCH($F6,DE_Players!$A:$A,0)),0))) | J6: =IF($F6="","",IF(COUNTIF($F$2:$F$200,$F6)>1,"DUPLICATE",""))
B7: =IFERROR(INDEX(Managers!$B:$B,MATCH(A7,Managers!$A:$A,0)),"") | C7: 1 | D7: 6 | E7: Team | G7: =IF($F7="","",IF($E7="Team",IFERROR(INDEX(DE_Teams!$B:$B,MATCH($F7,DE_Teams!$A:$A,0)),""),IFERROR(INDEX(DE_Players!$B:$B,MATCH($F7,DE_Players!$A:$A,0)),""))) | H7: =IF($F7="","",IF($E7="Player",IFERROR(INDEX(DE_Players!$C:$C,MATCH($F7,DE_Players!$A:$A,0)),""),"")) | I7: =IF($F7="","",IF($E7="Team",IFERROR(INDEX(DE_Teams!$H:$H,MATCH($F7,DE_Teams!$A:$A,0)),0),IFERROR(INDEX(DE_Players!$K:$K,MATCH($F7,DE_Players!$A:$A,0)),0))) | J7: =IF($F7="","",IF(COUNTIF($F$2:$F$200,$F7)>1,"DUPLICATE",""))
B8: =IFERROR(INDEX(Managers!$B:$B,MATCH(A8,Managers!$A:$A,0)),"") | C8: 2 | D8: 1 | E8: Team | G8: =IF($F8="","",IF($E8="Team",IFERROR(INDEX(DE_Teams!$B:$B,MATCH($F8,DE_Teams!$A:$A,0)),""),IFERROR(INDEX(DE_Players!$B:$B,MATCH($F8,DE_Players!$A:$A,0)),""))) | H8: =IF($F8="","",IF($E8="Player",IFERROR(INDEX(DE_Players!$C:$C,MATCH($F8,DE_Players!$A:$A,0)),""),"")) | I8: =IF($F8="","",IF($E8="Team",IFERROR(INDEX(DE_Teams!$H:$H,MATCH($F8,DE_Teams!$A:$A,0)),0),IFERROR(INDEX(DE_Players!$K:$K,MATCH($F8,DE_Players!$A:$A,0)),0))) | J8: =IF($F8="","",IF(COUNTIF($F$2:$F$200,$F8)>1,"DUPLICATE",""))
B9: =IFERROR(INDEX(Managers!$B:$B,MATCH(A9,Managers!$A:$A,0)),"") | C9: 2 | D9: 2 | E9: Team | G9: =IF($F9="","",IF($E9="Team",IFERROR(INDEX(DE_Teams!$B:$B,MATCH($F9,DE_Teams!$A:$A,0)),""),IFERROR(INDEX(DE_Players!$B:$B,MATCH($F9,DE_Players!$A:$A,0)),""))) | H9: =IF($F9="","",IF($E9="Player",IFERROR(INDEX(DE_Players!$C:$C,MATCH($F9,DE_Players!$A:$A,0)),""),"")) | I9: =IF($F9="","",IF($E9="Team",IFERROR(INDEX(DE_Teams!$H:$H,MATCH($F9,DE_Teams!$A:$A,0)),0),IFERROR(INDEX(DE_Players!$K:$K,MATCH($F9,DE_Players!$A:$A,0)),0))) | J9: =IF($F9="","",IF(COUNTIF($F$2:$F$200,$F9)>1,"DUPLICATE",""))
B10: =IFERROR(INDEX(Managers!$B:$B,MATCH(A10,Managers!$A:$A,0)),"") | C10: 2 | D10: 3 | E10: Team | G10: =IF($F10="","",IF($E10="Team",IFERROR(INDEX(DE_Teams!$B:$B,MATCH($F10,DE_Teams!$A:$A,0)),""),IFERROR(INDEX(DE_Players!$B:$B,MATCH($F10,DE_Players!$A:$A,0)),""))) | H10: =IF($F10="","",IF($E10="Player",IFERROR(INDEX(DE_Players!$C:$C,MATCH($F10,DE_Players!$A:$A,0)),""),"")) | I10: =IF($F10="","",IF($E10="Team",IFERROR(INDEX(DE_Teams!$H:$H,MATCH($F10,DE_Teams!$A:$A,0)),0),IFERROR(INDEX(DE_Players!$K:$K,MATCH($F10,DE_Players!$A:$A,0)),0))) | J10: =IF($F10="","",IF(COUNTIF($F$2:$F$200,$F10)>1,"DUPLICATE",""))
B11: =IFERROR(INDEX(Managers!$B:$B,MATCH(A11,Managers!$A:$A,0)),"") | C11: 2 | D11: 4 | E11: Team | G11: =IF($F11="","",IF($E11="Team",IFERROR(INDEX(DE_Teams!$B:$B,MATCH($F11,DE_Teams!$A:$A,0)),""),IFERROR(INDEX(DE_Players!$B:$B,MATCH($F11,DE_Players!$A:$A,0)),""))) | H11: =IF($F11="","",IF($E11="Player",IFERROR(INDEX(DE_Players!$C:$C,MATCH($F11,DE_Players!$A:$A,0)),""),"")) | I11: =IF($F11="","",IF($E11="Team",IFERROR(INDEX(DE_Teams!$H:$H,MATCH($F11,DE_Teams!$A:$A,0)),0),IFERROR(INDEX(DE_Players!$K:$K,MATCH($F11,DE_Players!$A:$A,0)),0))) | J11: =IF($F11="","",IF(COUNTIF($F$2:$F$200,$F11)>1,"DUPLICATE",""))
B12: =IFERROR(INDEX(Managers!$B:$B,MATCH(A12,Managers!$A:$A,0)),"") | C12: 2 | D12: 5 | E12: Team | G12: =IF($F12="","",IF($E12="Team",IFERROR(INDEX(DE_Teams!$B:$B,MATCH($F12,DE_Teams!$A:$A,0)),""),IFERROR(INDEX(DE_Players!$B:$B,MATCH($F12,DE_Players!$A:$A,0)),""))) | H12: =IF($F12="","",IF($E12="Player",IFERROR(INDEX(DE_Players!$C:$C,MATCH($F12,DE_Players!$A:$A,0)),""),"")) | I12: =IF($F12="","",IF($E12="Team",IFERROR(INDEX(DE_Teams!$H:$H,MATCH($F12,DE_Teams!$A:$A,0)),0),IFERROR(INDEX(DE_Players!$K:$K,MATCH($F12,DE_Players!$A:$A,0)),0))) | J12: =IF($F12="","",IF(COUNTIF($F$2:$F$200,$F12)>1,"DUPLICATE",""))
B13: =IFERROR(INDEX(Managers!$B:$B,MATCH(A13,Managers!$A:$A,0)),"") | C13: 2 | D13: 6 | E13: Team | G13: =IF($F13="","",IF($E13="Team",IFERROR(INDEX(DE_Teams!$B:$B,MATCH($F13,DE_Teams!$A:$A,0)),""),IFERROR(INDEX(DE_Players!$B:$B,MATCH($F13,DE_Players!$A:$A,0)),""))) | H13: =IF($F13="","",IF($E13="Player",IFERROR(INDEX(DE_Players!$C:$C,MATCH($F13,DE_Players!$A:$A,0)),""),"")) | I13: =IF($F13="","",IF($E13="Team",IFERROR(INDEX(DE_Teams!$H:$H,MATCH($F13,DE_Teams!$A:$A,0)),0),IFERROR(INDEX(DE_Players!$K:$K,MATCH($F13,DE_Players!$A:$A,0)),0))) | J13: =IF($F13="","",IF(COUNTIF($F$2:$F$200,$F13)>1,"DUPLICATE",""))
... B49: =IFERROR(INDEX(Managers!$B:$B,MATCH(A49,Managers!$A:$A,0)),"") | C49: 8 | D49: 6 | E49: Player | G49: =IF($F49="","",IF($E49="Team",IFERROR(INDEX(DE_Teams!$B:$B,MATCH($F49,DE_Teams!$A:$A,0)),""),IFERROR(INDEX(DE_Players!$B:$B,MATCH($F49,DE_Players!$A:$A,0)),""))) | H49: =IF($F49="","",IF($E49="Player",IFERROR(INDEX(DE_Players!$C:$C,MATCH($F49,DE_Players!$A:$A,0)),""),"")) | I49: =IF($F49="","",IF($E49="Team",IFERROR(INDEX(DE_Teams!$H:$H,MATCH($F49,DE_Teams!$A:$A,0)),0),IFERROR(INDEX(DE_Players!$K:$K,MATCH($F49,DE_Players!$A:$A,0)),0))) | J49: =IF($F49="","",IF(COUNTIF($F$2:$F$200,$F49)>1,"DUPLICATE",""))

Sheet Futures
A1: Manager_ID | B1: Manager_Name | C1: Champion_Pick | D1: Finalist_1_Pick | E1: Finalist_2_Pick | F1: Golden_Boot_Pick | G1: POT_Pick | H1: Champion_Pts | I1: Finalist_1_Pts | J1: Finalist_2_Pts | K1: GoldenBoot_Pts | L1: POT_Pts | M1: Total_Futures_Pts | N1: Submission_Time | O1: Locked | Q1: Actual_Result | R1: Value | T1: Commissioner fills Value cells (R2-R6) once the tournament resolves. Two finalists go in R3/R4 (order doesn't matter). Finalist_2_Pts ignores duplicates with Finalist_1.
A2: M001 | B2: =IFERROR(INDEX(Managers!$B:$B,MATCH(A2,Managers!$A:$A,0)),"") | H2: =IF($R$2="",0,IF(C2=$R$2,Scoring_Constants!$B$22,0)) | I2: =IF(OR($R$3="",$R$4=""),0,IF(OR(D2=$R$3,D2=$R$4),Scoring_Constants!$B$23,0)) | J2: =IF(OR($R$3="",$R$4=""),0,IF(AND(OR(E2=$R$3,E2=$R$4),E2<>D2),Scoring_Constants!$B$23,0)) | K2: =IF($R$5="",0,IF(F2=$R$5,Scoring_Constants!$B$24,0)) | L2: =IF($R$6="",0,IF(G2=$R$6,Scoring_Constants!$B$25,0)) | M2: =SUM(H2:L2) | O2: FALSE | Q2: Champion
A3: M002 | B3: =IFERROR(INDEX(Managers!$B:$B,MATCH(A3,Managers!$A:$A,0)),"") | H3: =IF($R$2="",0,IF(C3=$R$2,Scoring_Constants!$B$22,0)) | I3: =IF(OR($R$3="",$R$4=""),0,IF(OR(D3=$R$3,D3=$R$4),Scoring_Constants!$B$23,0)) | J3: =IF(OR($R$3="",$R$4=""),0,IF(AND(OR(E3=$R$3,E3=$R$4),E3<>D3),Scoring_Constants!$B$23,0)) | K3: =IF($R$5="",0,IF(F3=$R$5,Scoring_Constants!$B$24,0)) | L3: =IF($R$6="",0,IF(G3=$R$6,Scoring_Constants!$B$25,0)) | M3: =SUM(H3:L3) | O3: FALSE | Q3: Finalist_A
A4: M003 | B4: =IFERROR(INDEX(Managers!$B:$B,MATCH(A4,Managers!$A:$A,0)),"") | H4: =IF($R$2="",0,IF(C4=$R$2,Scoring_Constants!$B$22,0)) | I4: =IF(OR($R$3="",$R$4=""),0,IF(OR(D4=$R$3,D4=$R$4),Scoring_Constants!$B$23,0)) | J4: =IF(OR($R$3="",$R$4=""),0,IF(AND(OR(E4=$R$3,E4=$R$4),E4<>D4),Scoring_Constants!$B$23,0)) | K4: =IF($R$5="",0,IF(F4=$R$5,Scoring_Constants!$B$24,0)) | L4: =IF($R$6="",0,IF(G4=$R$6,Scoring_Constants!$B$25,0)) | M4: =SUM(H4:L4) | O4: FALSE | Q4: Finalist_B
A5: M004 | B5: =IFERROR(INDEX(Managers!$B:$B,MATCH(A5,Managers!$A:$A,0)),"") | H5: =IF($R$2="",0,IF(C5=$R$2,Scoring_Constants!$B$22,0)) | I5: =IF(OR($R$3="",$R$4=""),0,IF(OR(D5=$R$3,D5=$R$4),Scoring_Constants!$B$23,0)) | J5: =IF(OR($R$3="",$R$4=""),0,IF(AND(OR(E5=$R$3,E5=$R$4),E5<>D5),Scoring_Constants!$B$23,0)) | K5: =IF($R$5="",0,IF(F5=$R$5,Scoring_Constants!$B$24,0)) | L5: =IF($R$6="",0,IF(G5=$R$6,Scoring_Constants!$B$25,0)) | M5: =SUM(H5:L5) | O5: FALSE | Q5: Golden_Boot
A6: M005 | B6: =IFERROR(INDEX(Managers!$B:$B,MATCH(A6,Managers!$A:$A,0)),"") | H6: =IF($R$2="",0,IF(C6=$R$2,Scoring_Constants!$B$22,0)) | I6: =IF(OR($R$3="",$R$4=""),0,IF(OR(D6=$R$3,D6=$R$4),Scoring_Constants!$B$23,0)) | J6: =IF(OR($R$3="",$R$4=""),0,IF(AND(OR(E6=$R$3,E6=$R$4),E6<>D6),Scoring_Constants!$B$23,0)) | K6: =IF($R$5="",0,IF(F6=$R$5,Scoring_Constants!$B$24,0)) | L6: =IF($R$6="",0,IF(G6=$R$6,Scoring_Constants!$B$25,0)) | M6: =SUM(H6:L6) | O6: FALSE | Q6: POT
A7: M006 | B7: =IFERROR(INDEX(Managers!$B:$B,MATCH(A7,Managers!$A:$A,0)),"") | H7: =IF($R$2="",0,IF(C7=$R$2,Scoring_Constants!$B$22,0)) | I7: =IF(OR($R$3="",$R$4=""),0,IF(OR(D7=$R$3,D7=$R$4),Scoring_Constants!$B$23,0)) | J7: =IF(OR($R$3="",$R$4=""),0,IF(AND(OR(E7=$R$3,E7=$R$4),E7<>D7),Scoring_Constants!$B$23,0)) | K7: =IF($R$5="",0,IF(F7=$R$5,Scoring_Constants!$B$24,0)) | L7: =IF($R$6="",0,IF(G7=$R$6,Scoring_Constants!$B$25,0)) | M7: =SUM(H7:L7) | O7: FALSE

Sheet Matches_2
A1: Match_ID | B1: Stage | C1: Date | D1: Team_A | E1: Team_B | F1: Winner | G1: Goal_Scorers | H1: Length | I1: Status | J1: Notes | L1: Length values: 90 / ET / Pens. Goal_Scorers: comma-separated Player_ID list (e.g. 'P001,P017'). Winner must equal Team_A or Team_B for points to award.
A2: R32_01 | B2: Round of 32 | I2: Not Started
A3: R32_02 | B3: Round of 32 | I3: Not Started
A4: R32_03 | B4: Round of 32 | I4: Not Started
A5: R32_04 | B5: Round of 32 | I5: Not Started
A6: R32_05 | B6: Round of 32 | I6: Not Started
A7: R32_06 | B7: Round of 32 | I7: Not Started
A8: R32_07 | B8: Round of 32 | I8: Not Started
A9: R32_08 | B9: Round of 32 | I9: Not Started
A10: R32_09 | B10: Round of 32 | I10: Not Started
A11: R32_10 | B11: Round of 32 | I11: Not Started
A12: R32_11 | B12: Round of 32 | I12: Not Started
A13: R32_12 | B13: Round of 32 | I13: Not Started
... A17: R32_16 | B17: Round of 32 | I17: Not Started
A18: R16_01 | B18: Round of 16 | D18: Winner R32_01 | E18: Winner R32_02 | I18: Not Started
A19: R16_02 | B19: Round of 16 | D19: Winner R32_03 | E19: Winner R32_04 | I19: Not Started
A20: R16_03 | B20: Round of 16 | D20: Winner R32_05 | E20: Winner R32_06 | I20: Not Started
A21: R16_04 | B21: Round of 16 | D21: Winner R32_07 | E21: Winner R32_08 | I21: Not Started
A22: R16_05 | B22: Round of 16 | D22: Winner R32_09 | E22: Winner R32_10 | I22: Not Started
A23: R16_06 | B23: Round of 16 | D23: Winner R32_11 | E23: Winner R32_12 | I23: Not Started
A24: R16_07 | B24: Round of 16 | D24: Winner R32_13 | E24: Winner R32_14 | I24: Not Started
A25: R16_08 | B25: Round of 16 | D25: Winner R32_15 | E25: Winner R32_16 | I25: Not Started
A26: QF_01 | B26: Quarterfinal | D26: Winner R16_01 | E26: Winner R16_02 | I26: Not Started
A27: QF_02 | B27: Quarterfinal | D27: Winner R16_03 | E27: Winner R16_04 | I27: Not Started
A28: QF_03 | B28: Quarterfinal | D28: Winner R16_05 | E28: Winner R16_06 | I28: Not Started
A29: QF_04 | B29: Quarterfinal | D29: Winner R16_07 | E29: Winner R16_08 | I29: Not Started
... A32: F_01 | B32: Final | D32: Winner SF_01 | E32: Winner SF_02 | I32: Not Started

Sheet Predictions_2
A1: Manager_ID | B1: Manager_Name | C1: Match_ID | D1: Stage | E1: Winner_Pick | F1: Scorer_1_Pick | G1: Scorer_2_Pick | H1: Length_Pick | I1: Winner_Pts | J1: Scorer_1_Pts | K1: Scorer_2_Pts | L1: Length_Pts | M1: Total_Points | N1: Submission_Time | O1: Locked | Q1: Scorer_2 doesn't double-count if a manager enters the same player in both slots. Length values: 90 / ET / Pens.
A2: M001 | B2: =IFERROR(INDEX(Managers!$B:$B,MATCH(A2,Managers!$A:$A,0)),"") | C2: R32_01 | D2: =IFERROR(INDEX(Matches_2!$B:$B,MATCH(C2,Matches_2!$A:$A,0)),"") | I2: =IF(OR(E2="",IFERROR(INDEX(Matches_2!$F:$F,MATCH(C2,Matches_2!$A:$A,0)),"")=""),0,IF(E2=IFERROR(INDEX(Matches_2!$F:$F,MATCH(C2,Matches_2!$A:$A,0)),""),Scoring_Constants!$B$6,0)) | J2: =IF(OR(F2="",IFERROR(INDEX(Matches_2!$G:$G,MATCH(C2,Matches_2!$A:$A,0)),"")=""),0,IF(ISNUMBER(SEARCH(F2,IFERROR(INDEX(Matches_2!$G:$G,MATCH(C2,Matches_2!$A:$A,0)),""))),Scoring_Constants!$B$7,0)) | K2: =IF(OR(G2="",IFERROR(INDEX(Matches_2!$G:$G,MATCH(C2,Matches_2!$A:$A,0)),"")=""),0,IF(AND(ISNUMBER(SEARCH(G2,IFERROR(INDEX(Matches_2!$G:$G,MATCH(C2,Matches_2!$A:$A,0)),""))),G2<>F2),Scoring_Constants!$B$7,0)) | L2: =IF(OR(H2="",IFERROR(INDEX(Matches_2!$H:$H,MATCH(C2,Matches_2!$A:$A,0)),"")=""),0,IF(H2=IFERROR(INDEX(Matches_2!$H:$H,MATCH(C2,Matches_2!$A:$A,0)),""),Scoring_Constants!$B$8,0)) | M2: =SUM(I2:L2) | O2: FALSE
A3: M001 | B3: =IFERROR(INDEX(Managers!$B:$B,MATCH(A3,Managers!$A:$A,0)),"") | C3: R32_02 | D3: =IFERROR(INDEX(Matches_2!$B:$B,MATCH(C3,Matches_2!$A:$A,0)),"") | I3: =IF(OR(E3="",IFERROR(INDEX(Matches_2!$F:$F,MATCH(C3,Matches_2!$A:$A,0)),"")=""),0,IF(E3=IFERROR(INDEX(Matches_2!$F:$F,MATCH(C3,Matches_2!$A:$A,0)),""),Scoring_Constants!$B$6,0)) | J3: =IF(OR(F3="",IFERROR(INDEX(Matches_2!$G:$G,MATCH(C3,Matches_2!$A:$A,0)),"")=""),0,IF(ISNUMBER(SEARCH(F3,IFERROR(INDEX(Matches_2!$G:$G,MATCH(C3,Matches_2!$A:$A,0)),""))),Scoring_Constants!$B$7,0)) | K3: =IF(OR(G3="",IFERROR(INDEX(Matches_2!$G:$G,MATCH(C3,Matches_2!$A:$A,0)),"")=""),0,IF(AND(ISNUMBER(SEARCH(G3,IFERROR(INDEX(Matches_2!$G:$G,MATCH(C3,Matches_2!$A:$A,0)),""))),G3<>F3),Scoring_Constants!$B$7,0)) | L3: =IF(OR(H3="",IFERROR(INDEX(Matches_2!$H:$H,MATCH(C3,Matches_2!$A:$A,0)),"")=""),0,IF(H3=IFERROR(INDEX(Matches_2!$H:$H,MATCH(C3,Matches_2!$A:$A,0)),""),Scoring_Constants!$B$8,0)) | M3: =SUM(I3:L3) | O3: FALSE
A4: M001 | B4: =IFERROR(INDEX(Managers!$B:$B,MATCH(A4,Managers!$A:$A,0)),"") | C4: R32_03 | D4: =IFERROR(INDEX(Matches_2!$B:$B,MATCH(C4,Matches_2!$A:$A,0)),"") | I4: =IF(OR(E4="",IFERROR(INDEX(Matches_2!$F:$F,MATCH(C4,Matches_2!$A:$A,0)),"")=""),0,IF(E4=IFERROR(INDEX(Matches_2!$F:$F,MATCH(C4,Matches_2!$A:$A,0)),""),Scoring_Constants!$B$6,0)) | J4: =IF(OR(F4="",IFERROR(INDEX(Matches_2!$G:$G,MATCH(C4,Matches_2!$A:$A,0)),"")=""),0,IF(ISNUMBER(SEARCH(F4,IFERROR(INDEX(Matches_2!$G:$G,MATCH(C4,Matches_2!$A:$A,0)),""))),Scoring_Constants!$B$7,0)) | K4: =IF(OR(G4="",IFERROR(INDEX(Matches_2!$G:$G,MATCH(C4,Matches_2!$A:$A,0)),"")=""),0,IF(AND(ISNUMBER(SEARCH(G4,IFERROR(INDEX(Matches_2!$G:$G,MATCH(C4,Matches_2!$A:$A,0)),""))),G4<>F4),Scoring_Constants!$B$7,0)) | L4: =IF(OR(H4="",IFERROR(INDEX(Matches_2!$H:$H,MATCH(C4,Matches_2!$A:$A,0)),"")=""),0,IF(H4=IFERROR(INDEX(Matches_2!$H:$H,MATCH(C4,Matches_2!$A:$A,0)),""),Scoring_Constants!$B$8,0)) | M4: =SUM(I4:L4) | O4: FALSE
A5: M001 | B5: =IFERROR(INDEX(Managers!$B:$B,MATCH(A5,Managers!$A:$A,0)),"") | C5: R32_04 | D5: =IFERROR(INDEX(Matches_2!$B:$B,MATCH(C5,Matches_2!$A:$A,0)),"") | I5: =IF(OR(E5="",IFERROR(INDEX(Matches_2!$F:$F,MATCH(C5,Matches_2!$A:$A,0)),"")=""),0,IF(E5=IFERROR(INDEX(Matches_2!$F:$F,MATCH(C5,Matches_2!$A:$A,0)),""),Scoring_Constants!$B$6,0)) | J5: =IF(OR(F5="",IFERROR(INDEX(Matches_2!$G:$G,MATCH(C5,Matches_2!$A:$A,0)),"")=""),0,IF(ISNUMBER(SEARCH(F5,IFERROR(INDEX(Matches_2!$G:$G,MATCH(C5,Matches_2!$A:$A,0)),""))),Scoring_Constants!$B$7,0)) | K5: =IF(OR(G5="",IFERROR(INDEX(Matches_2!$G:$G,MATCH(C5,Matches_2!$A:$A,0)),"")=""),0,IF(AND(ISNUMBER(SEARCH(G5,IFERROR(INDEX(Matches_2!$G:$G,MATCH(C5,Matches_2!$A:$A,0)),""))),G5<>F5),Scoring_Constants!$B$7,0)) | L5: =IF(OR(H5="",IFERROR(INDEX(Matches_2!$H:$H,MATCH(C5,Matches_2!$A:$A,0)),"")=""),0,IF(H5=IFERROR(INDEX(Matches_2!$H:$H,MATCH(C5,Matches_2!$A:$A,0)),""),Scoring_Constants!$B$8,0)) | M5: =SUM(I5:L5) | O5: FALSE
A6: M001 | B6: =IFERROR(INDEX(Managers!$B:$B,MATCH(A6,Managers!$A:$A,0)),"") | C6: R32_05 | D6: =IFERROR(INDEX(Matches_2!$B:$B,MATCH(C6,Matches_2!$A:$A,0)),"") | I6: =IF(OR(E6="",IFERROR(INDEX(Matches_2!$F:$F,MATCH(C6,Matches_2!$A:$A,0)),"")=""),0,IF(E6=IFERROR(INDEX(Matches_2!$F:$F,MATCH(C6,Matches_2!$A:$A,0)),""),Scoring_Constants!$B$6,0)) | J6: =IF(OR(F6="",IFERROR(INDEX(Matches_2!$G:$G,MATCH(C6,Matches_2!$A:$A,0)),"")=""),0,IF(ISNUMBER(SEARCH(F6,IFERROR(INDEX(Matches_2!$G:$G,MATCH(C6,Matches_2!$A:$A,0)),""))),Scoring_Constants!$B$7,0)) | K6: =IF(OR(G6="",IFERROR(INDEX(Matches_2!$G:$G,MATCH(C6,Matches_2!$A:$A,0)),"")=""),0,IF(AND(ISNUMBER(SEARCH(G6,IFERROR(INDEX(Matches_2!$G:$G,MATCH(C6,Matches_2!$A:$A,0)),""))),G6<>F6),Scoring_Constants!$B$7,0)) | L6: =IF(OR(H6="",IFERROR(INDEX(Matches_2!$H:$H,MATCH(C6,Matches_2!$A:$A,0)),"")=""),0,IF(H6=IFERROR(INDEX(Matches_2!$H:$H,MATCH(C6,Matches_2!$A:$A,0)),""),Scoring_Constants!$B$8,0)) | M6: =SUM(I6:L6) | O6: FALSE
A7: M001 | B7: =IFERROR(INDEX(Managers!$B:$B,MATCH(A7,Managers!$A:$A,0)),"") | C7: R32_06 | D7: =IFERROR(INDEX(Matches_2!$B:$B,MATCH(C7,Matches_2!$A:$A,0)),"") | I7: =IF(OR(E7="",IFERROR(INDEX(Matches_2!$F:$F,MATCH(C7,Matches_2!$A:$A,0)),"")=""),0,IF(E7=IFERROR(INDEX(Matches_2!$F:$F,MATCH(C7,Matches_2!$A:$A,0)),""),Scoring_Constants!$B$6,0)) | J7: =IF(OR(F7="",IFERROR(INDEX(Matches_2!$G:$G,MATCH(C7,Matches_2!$A:$A,0)),"")=""),0,IF(ISNUMBER(SEARCH(F7,IFERROR(INDEX(Matches_2!$G:$G,MATCH(C7,Matches_2!$A:$A,0)),""))),Scoring_Constants!$B$7,0)) | K7: =IF(OR(G7="",IFERROR(INDEX(Matches_2!$G:$G,MATCH(C7,Matches_2!$A:$A,0)),"")=""),0,IF(AND(ISNUMBER(SEARCH(G7,IFERROR(INDEX(Matches_2!$G:$G,MATCH(C7,Matches_2!$A:$A,0)),""))),G7<>F7),Scoring_Constants!$B$7,0)) | L7: =IF(OR(H7="",IFERROR(INDEX(Matches_2!$H:$H,MATCH(C7,Matches_2!$A:$A,0)),"")=""),0,IF(H7=IFERROR(INDEX(Matches_2!$H:$H,MATCH(C7,Matches_2!$A:$A,0)),""),Scoring_Constants!$B$8,0)) | M7: =SUM(I7:L7) | O7: FALSE
A8: M001 | B8: =IFERROR(INDEX(Managers!$B:$B,MATCH(A8,Managers!$A:$A,0)),"") | C8: R32_07 | D8: =IFERROR(INDEX(Matches_2!$B:$B,MATCH(C8,Matches_2!$A:$A,0)),"") | I8: =IF(OR(E8="",IFERROR(INDEX(Matches_2!$F:$F,MATCH(C8,Matches_2!$A:$A,0)),"")=""),0,IF(E8=IFERROR(INDEX(Matches_2!$F:$F,MATCH(C8,Matches_2!$A:$A,0)),""),Scoring_Constants!$B$6,0)) | J8: =IF(OR(F8="",IFERROR(INDEX(Matches_2!$G:$G,MATCH(C8,Matches_2!$A:$A,0)),"")=""),0,IF(ISNUMBER(SEARCH(F8,IFERROR(INDEX(Matches_2!$G:$G,MATCH(C8,Matches_2!$A:$A,0)),""))),Scoring_Constants!$B$7,0)) | K8: =IF(OR(G8="",IFERROR(INDEX(Matches_2!$G:$G,MATCH(C8,Matches_2!$A:$A,0)),"")=""),0,IF(AND(ISNUMBER(SEARCH(G8,IFERROR(INDEX(Matches_2!$G:$G,MATCH(C8,Matches_2!$A:$A,0)),""))),G8<>F8),Scoring_Constants!$B$7,0)) | L8: =IF(OR(H8="",IFERROR(INDEX(Matches_2!$H:$H,MATCH(C8,Matches_2!$A:$A,0)),"")=""),0,IF(H8=IFERROR(INDEX(Matches_2!$H:$H,MATCH(C8,Matches_2!$A:$A,0)),""),Scoring_Constants!$B$8,0)) | M8: =SUM(I8:L8) | O8: FALSE
A9: M001 | B9: =IFERROR(INDEX(Managers!$B:$B,MATCH(A9,Managers!$A:$A,0)),"") | C9: R32_08 | D9: =IFERROR(INDEX(Matches_2!$B:$B,MATCH(C9,Matches_2!$A:$A,0)),"") | I9: =IF(OR(E9="",IFERROR(INDEX(Matches_2!$F:$F,MATCH(C9,Matches_2!$A:$A,0)),"")=""),0,IF(E9=IFERROR(INDEX(Matches_2!$F:$F,MATCH(C9,Matches_2!$A:$A,0)),""),Scoring_Constants!$B$6,0)) | J9: =IF(OR(F9="",IFERROR(INDEX(Matches_2!$G:$G,MATCH(C9,Matches_2!$A:$A,0)),"")=""),0,IF(ISNUMBER(SEARCH(F9,IFERROR(INDEX(Matches_2!$G:$G,MATCH(C9,Matches_2!$A:$A,0)),""))),Scoring_Constants!$B$7,0)) | K9: =IF(OR(G9="",IFERROR(INDEX(Matches_2!$G:$G,MATCH(C9,Matches_2!$A:$A,0)),"")=""),0,IF(AND(ISNUMBER(SEARCH(G9,IFERROR(INDEX(Matches_2!$G:$G,MATCH(C9,Matches_2!$A:$A,0)),""))),G9<>F9),Scoring_Constants!$B$7,0)) | L9: =IF(OR(H9="",IFERROR(INDEX(Matches_2!$H:$H,MATCH(C9,Matches_2!$A:$A,0)),"")=""),0,IF(H9=IFERROR(INDEX(Matches_2!$H:$H,MATCH(C9,Matches_2!$A:$A,0)),""),Scoring_Constants!$B$8,0)) | M9: =SUM(I9:L9) | O9: FALSE
A10: M001 | B10: =IFERROR(INDEX(Managers!$B:$B,MATCH(A10,Managers!$A:$A,0)),"") | C10: R32_09 | D10: =IFERROR(INDEX(Matches_2!$B:$B,MATCH(C10,Matches_2!$A:$A,0)),"") | I10: =IF(OR(E10="",IFERROR(INDEX(Matches_2!$F:$F,MATCH(C10,Matches_2!$A:$A,0)),"")=""),0,IF(E10=IFERROR(INDEX(Matches_2!$F:$F,MATCH(C10,Matches_2!$A:$A,0)),""),Scoring_Constants!$B$6,0)) | J10: =IF(OR(F10="",IFERROR(INDEX(Matches_2!$G:$G,MATCH(C10,Matches_2!$A:$A,0)),"")=""),0,IF(ISNUMBER(SEARCH(F10,IFERROR(INDEX(Matches_2!$G:$G,MATCH(C10,Matches_2!$A:$A,0)),""))),Scoring_Constants!$B$7,0)) | K10: =IF(OR(G10="",IFERROR(INDEX(Matches_2!$G:$G,MATCH(C10,Matches_2!$A:$A,0)),"")=""),0,IF(AND(ISNUMBER(SEARCH(G10,IFERROR(INDEX(Matches_2!$G:$G,MATCH(C10,Matches_2!$A:$A,0)),""))),G10<>F10),Scoring_Constants!$B$7,0)) | L10: =IF(OR(H10="",IFERROR(INDEX(Matches_2!$H:$H,MATCH(C10,Matches_2!$A:$A,0)),"")=""),0,IF(H10=IFERROR(INDEX(Matches_2!$H:$H,MATCH(C10,Matches_2!$A:$A,0)),""),Scoring_Constants!$B$8,0)) | M10: =SUM(I10:L10) | O10: FALSE
A11: M001 | B11: =IFERROR(INDEX(Managers!$B:$B,MATCH(A11,Managers!$A:$A,0)),"") | C11: R32_10 | D11: =IFERROR(INDEX(Matches_2!$B:$B,MATCH(C11,Matches_2!$A:$A,0)),"") | I11: =IF(OR(E11="",IFERROR(INDEX(Matches_2!$F:$F,MATCH(C11,Matches_2!$A:$A,0)),"")=""),0,IF(E11=IFERROR(INDEX(Matches_2!$F:$F,MATCH(C11,Matches_2!$A:$A,0)),""),Scoring_Constants!$B$6,0)) | J11: =IF(OR(F11="",IFERROR(INDEX(Matches_2!$G:$G,MATCH(C11,Matches_2!$A:$A,0)),"")=""),0,IF(ISNUMBER(SEARCH(F11,IFERROR(INDEX(Matches_2!$G:$G,MATCH(C11,Matches_2!$A:$A,0)),""))),Scoring_Constants!$B$7,0)) | K11: =IF(OR(G11="",IFERROR(INDEX(Matches_2!$G:$G,MATCH(C11,Matches_2!$A:$A,0)),"")=""),0,IF(AND(ISNUMBER(SEARCH(G11,IFERROR(INDEX(Matches_2!$G:$G,MATCH(C11,Matches_2!$A:$A,0)),""))),G11<>F11),Scoring_Constants!$B$7,0)) | L11: =IF(OR(H11="",IFERROR(INDEX(Matches_2!$H:$H,MATCH(C11,Matches_2!$A:$A,0)),"")=""),0,IF(H11=IFERROR(INDEX(Matches_2!$H:$H,MATCH(C11,Matches_2!$A:$A,0)),""),Scoring_Constants!$B$8,0)) | M11: =SUM(I11:L11) | O11: FALSE
A12: M001 | B12: =IFERROR(INDEX(Managers!$B:$B,MATCH(A12,Managers!$A:$A,0)),"") | C12: R32_11 | D12: =IFERROR(INDEX(Matches_2!$B:$B,MATCH(C12,Matches_2!$A:$A,0)),"") | I12: =IF(OR(E12="",IFERROR(INDEX(Matches_2!$F:$F,MATCH(C12,Matches_2!$A:$A,0)),"")=""),0,IF(E12=IFERROR(INDEX(Matches_2!$F:$F,MATCH(C12,Matches_2!$A:$A,0)),""),Scoring_Constants!$B$6,0)) | J12: =IF(OR(F12="",IFERROR(INDEX(Matches_2!$G:$G,MATCH(C12,Matches_2!$A:$A,0)),"")=""),0,IF(ISNUMBER(SEARCH(F12,IFERROR(INDEX(Matches_2!$G:$G,MATCH(C12,Matches_2!$A:$A,0)),""))),Scoring_Constants!$B$7,0)) | K12: =IF(OR(G12="",IFERROR(INDEX(Matches_2!$G:$G,MATCH(C12,Matches_2!$A:$A,0)),"")=""),0,IF(AND(ISNUMBER(SEARCH(G12,IFERROR(INDEX(Matches_2!$G:$G,MATCH(C12,Matches_2!$A:$A,0)),""))),G12<>F12),Scoring_Constants!$B$7,0)) | L12: =IF(OR(H12="",IFERROR(INDEX(Matches_2!$H:$H,MATCH(C12,Matches_2!$A:$A,0)),"")=""),0,IF(H12=IFERROR(INDEX(Matches_2!$H:$H,MATCH(C12,Matches_2!$A:$A,0)),""),Scoring_Constants!$B$8,0)) | M12: =SUM(I12:L12) | O12: FALSE
A13: M001 | B13: =IFERROR(INDEX(Managers!$B:$B,MATCH(A13,Managers!$A:$A,0)),"") | C13: R32_12 | D13: =IFERROR(INDEX(Matches_2!$B:$B,MATCH(C13,Matches_2!$A:$A,0)),"") | I13: =IF(OR(E13="",IFERROR(INDEX(Matches_2!$F:$F,MATCH(C13,Matches_2!$A:$A,0)),"")=""),0,IF(E13=IFERROR(INDEX(Matches_2!$F:$F,MATCH(C13,Matches_2!$A:$A,0)),""),Scoring_Constants!$B$6,0)) | J13: =IF(OR(F13="",IFERROR(INDEX(Matches_2!$G:$G,MATCH(C13,Matches_2!$A:$A,0)),"")=""),0,IF(ISNUMBER(SEARCH(F13,IFERROR(INDEX(Matches_2!$G:$G,MATCH(C13,Matches_2!$A:$A,0)),""))),Scoring_Constants!$B$7,0)) | K13: =IF(OR(G13="",IFERROR(INDEX(Matches_2!$G:$G,MATCH(C13,Matches_2!$A:$A,0)),"")=""),0,IF(AND(ISNUMBER(SEARCH(G13,IFERROR(INDEX(Matches_2!$G:$G,MATCH(C13,Matches_2!$A:$A,0)),""))),G13<>F13),Scoring_Constants!$B$7,0)) | L13: =IF(OR(H13="",IFERROR(INDEX(Matches_2!$H:$H,MATCH(C13,Matches_2!$A:$A,0)),"")=""),0,IF(H13=IFERROR(INDEX(Matches_2!$H:$H,MATCH(C13,Matches_2!$A:$A,0)),""),Scoring_Constants!$B$8,0)) | M13: =SUM(I13:L13) | O13: FALSE
... A187: M006 | B187: =IFERROR(INDEX(Managers!$B:$B,MATCH(A187,Managers!$A:$A,0)),"") | C187: F_01 | D187: =IFERROR(INDEX(Matches_2!$B:$B,MATCH(C187,Matches_2!$A:$A,0)),"") | I187: =IF(OR(E187="",IFERROR(INDEX(Matches_2!$F:$F,MATCH(C187,Matches_2!$A:$A,0)),"")=""),0,IF(E187=IFERROR(INDEX(Matches_2!$F:$F,MATCH(C187,Matches_2!$A:$A,0)),""),Scoring_Constants!$B$6,0)) | J187: =IF(OR(F187="",IFERROR(INDEX(Matches_2!$G:$G,MATCH(C187,Matches_2!$A:$A,0)),"")=""),0,IF(ISNUMBER(SEARCH(F187,IFERROR(INDEX(Matches_2!$G:$G,MATCH(C187,Matches_2!$A:$A,0)),""))),Scoring_Constants!$B$7,0)) | K187: =IF(OR(G187="",IFERROR(INDEX(Matches_2!$G:$G,MATCH(C187,Matches_2!$A:$A,0)),"")=""),0,IF(AND(ISNUMBER(SEARCH(G187,IFERROR(INDEX(Matches_2!$G:$G,MATCH(C187,Matches_2!$A:$A,0)),""))),G187<>F187),Scoring_Constants!$B$7,0)) | L187: =IF(OR(H187="",IFERROR(INDEX(Matches_2!$H:$H,MATCH(C187,Matches_2!$A:$A,0)),"")=""),0,IF(H187=IFERROR(INDEX(Matches_2!$H:$H,MATCH(C187,Matches_2!$A:$A,0)),""),Scoring_Constants!$B$8,0)) | M187: =SUM(I187:L187) | O187: FALSE

Sheet Leaderboard_2
A1: Rank | B1: Manager_ID | C1: Manager_Name | D1: Group_Stage_Points | E1: Knockout_Prediction_Points | F1: Futures_Points | G1: Drafted_Teams_Points | H1: Drafted_Players_Points | I1: Total_Points
A2: =IF(I2="","",RANK(I2,$I$2:$I$1000,0)) | B2: M001 | C2: Manager 1 | D2: =SUMIFS(Leaderboard_1!$D:$D,Leaderboard_1!$B:$B,B2) | E2: =SUMIFS(Predictions_2!$M:$M,Predictions_2!$A:$A,B2) | F2: =SUMIFS(Futures!$M:$M,Futures!$A:$A,B2) | G2: =SUMIFS(Draft_Board!$I:$I,Draft_Board!$A:$A,B2,Draft_Board!$E:$E,"Team") | H2: =SUMIFS(Draft_Board!$I:$I,Draft_Board!$A:$A,B2,Draft_Board!$E:$E,"Player") | I2: =SUM(D2:H2)
A3: =IF(I3="","",RANK(I3,$I$2:$I$1000,0)) | B3: M002 | C3: Manager 2 | D3: =SUMIFS(Leaderboard_1!$D:$D,Leaderboard_1!$B:$B,B3) | E3: =SUMIFS(Predictions_2!$M:$M,Predictions_2!$A:$A,B3) | F3: =SUMIFS(Futures!$M:$M,Futures!$A:$A,B3) | G3: =SUMIFS(Draft_Board!$I:$I,Draft_Board!$A:$A,B3,Draft_Board!$E:$E,"Team") | H3: =SUMIFS(Draft_Board!$I:$I,Draft_Board!$A:$A,B3,Draft_Board!$E:$E,"Player") | I3: =SUM(D3:H3)
A4: =IF(I4="","",RANK(I4,$I$2:$I$1000,0)) | B4: M003 | C4: Manager 3 | D4: =SUMIFS(Leaderboard_1!$D:$D,Leaderboard_1!$B:$B,B4) | E4: =SUMIFS(Predictions_2!$M:$M,Predictions_2!$A:$A,B4) | F4: =SUMIFS(Futures!$M:$M,Futures!$A:$A,B4) | G4: =SUMIFS(Draft_Board!$I:$I,Draft_Board!$A:$A,B4,Draft_Board!$E:$E,"Team") | H4: =SUMIFS(Draft_Board!$I:$I,Draft_Board!$A:$A,B4,Draft_Board!$E:$E,"Player") | I4: =SUM(D4:H4)
A5: =IF(I5="","",RANK(I5,$I$2:$I$1000,0)) | B5: M004 | C5: Manager 4 | D5: =SUMIFS(Leaderboard_1!$D:$D,Leaderboard_1!$B:$B,B5) | E5: =SUMIFS(Predictions_2!$M:$M,Predictions_2!$A:$A,B5) | F5: =SUMIFS(Futures!$M:$M,Futures!$A:$A,B5) | G5: =SUMIFS(Draft_Board!$I:$I,Draft_Board!$A:$A,B5,Draft_Board!$E:$E,"Team") | H5: =SUMIFS(Draft_Board!$I:$I,Draft_Board!$A:$A,B5,Draft_Board!$E:$E,"Player") | I5: =SUM(D5:H5)
A6: =IF(I6="","",RANK(I6,$I$2:$I$1000,0)) | B6: M005 | C6: Manager 5 | D6: =SUMIFS(Leaderboard_1!$D:$D,Leaderboard_1!$B:$B,B6) | E6: =SUMIFS(Predictions_2!$M:$M,Predictions_2!$A:$A,B6) | F6: =SUMIFS(Futures!$M:$M,Futures!$A:$A,B6) | G6: =SUMIFS(Draft_Board!$I:$I,Draft_Board!$A:$A,B6,Draft_Board!$E:$E,"Team") | H6: =SUMIFS(Draft_Board!$I:$I,Draft_Board!$A:$A,B6,Draft_Board!$E:$E,"Player") | I6: =SUM(D6:H6)
A7: =IF(I7="","",RANK(I7,$I$2:$I$1000,0)) | B7: M006 | C7: Manager 6 | D7: =SUMIFS(Leaderboard_1!$D:$D,Leaderboard_1!$B:$B,B7) | E7: =SUMIFS(Predictions_2!$M:$M,Predictions_2!$A:$A,B7) | F7: =SUMIFS(Futures!$M:$M,Futures!$A:$A,B7) | G7: =SUMIFS(Draft_Board!$I:$I,Draft_Board!$A:$A,B7,Draft_Board!$E:$E,"Team") | H7: =SUMIFS(Draft_Board!$I:$I,Draft_Board!$A:$A,B7,Draft_Board!$E:$E,"Player") | I7: =SUM(D7:H7)

Sheet Landing_CSV
A1: rank | B1: manager_name | C1: total_points | D1: group_stage_points | E1: knockout_prediction_points | F1: futures_points | G1: drafted_teams_points | H1: drafted_players_points | I1: last_updated | K1: Export this sheet as CSV. last_updated reads Scoring_Constants — edit there before exporting.
A2: =Leaderboard_2!A2 | B2: =Leaderboard_2!C2 | C2: =Leaderboard_2!I2 | D2: =Leaderboard_2!D2 | E2: =Leaderboard_2!E2 | F2: =Leaderboard_2!F2 | G2: =Leaderboard_2!G2 | H2: =Leaderboard_2!H2 | I2: =Scoring_Constants!$B$27
A3: =Leaderboard_2!A3 | B3: =Leaderboard_2!C3 | C3: =Leaderboard_2!I3 | D3: =Leaderboard_2!D3 | E3: =Leaderboard_2!E3 | F3: =Leaderboard_2!F3 | G3: =Leaderboard_2!G3 | H3: =Leaderboard_2!H3 | I3: =Scoring_Constants!$B$27
A4: =Leaderboard_2!A4 | B4: =Leaderboard_2!C4 | C4: =Leaderboard_2!I4 | D4: =Leaderboard_2!D4 | E4: =Leaderboard_2!E4 | F4: =Leaderboard_2!F4 | G4: =Leaderboard_2!G4 | H4: =Leaderboard_2!H4 | I4: =Scoring_Constants!$B$27
A5: =Leaderboard_2!A5 | B5: =Leaderboard_2!C5 | C5: =Leaderboard_2!I5 | D5: =Leaderboard_2!D5 | E5: =Leaderboard_2!E5 | F5: =Leaderboard_2!F5 | G5: =Leaderboard_2!G5 | H5: =Leaderboard_2!H5 | I5: =Scoring_Constants!$B$27
A6: =Leaderboard_2!A6 | B6: =Leaderboard_2!C6 | C6: =Leaderboard_2!I6 | D6: =Leaderboard_2!D6 | E6: =Leaderboard_2!E6 | F6: =Leaderboard_2!F6 | G6: =Leaderboard_2!G6 | H6: =Leaderboard_2!H6 | I6: =Scoring_Constants!$B$27
A7: =Leaderboard_2!A7 | B7: =Leaderboard_2!C7 | C7: =Leaderboard_2!I7 | D7: =Leaderboard_2!D7 | E7: =Leaderboard_2!E7 | F7: =Leaderboard_2!F7 | G7: =Leaderboard_2!G7 | H7: =Leaderboard_2!H7 | I7: =Scoring_Constants!$B$27
